Generation,GenScore,BestRecord,BestFitness,Timestamp
1,159,246,477.26,2026-09-02 15:33:24
2,219,266,610.50,2026-09-02 15:33:54
3,375,398,1805.60,2026-09-02 15:34:29
4,282,398,1314.47,2026-09-02 15:35:21
5,539,539,1396.57,2026-09-02 15:35:58
6,303,539,1267.42,2026-09-02 15:36:57
7,563,563,2128.56,2026-09-02 15:37:34
8,585,585,1935.44,2026-09-02 15:38:13
9,547,585,1175.25,2026-09-02 15:38:55
10,247,585,898.35,2026-09-02 15:39:35
11,274,585,702.11,2026-09-02 15:40:24
12,325,585,1383.64,2026-09-02 15:40:57
13,457,585,1048.60,2026-09-02 15:41:30
14,354,585,1344.43,2026-09-02 15:42:06
15,367,585,888.25,2026-09-02 15:42:36
16,502,585,2079.46,2026-09-02 15:43:33
17,617,617,1730.80,2026-09-02 15:44:12
18,413,617,1378.31,2026-09-02 15:45:09
19,336,617,1621.32,2026-09-02 15:46:07
20,380,617,1431.45,2026-09-02 15:46:41
21,310,617,1153.24,2026-09-02 15:47:21
22,328,617,1205.49,2026-09-02 15:47:54
23,373,617,1562.63,2026-09-02 15:48:24
24,608,617,2173.79,2026-09-02 15:48:55
25,313,617,1156.92,2026-09-02 15:49:30
26,310,617,1313.88,2026-09-02 15:50:00
27,381,617,1086.08,2026-09-02 15:50:31
28,362,617,1059.55,2026-09-02 15:51:01
29,353,617,1351.23,2026-09-02 15:51:28
30,318,617,1749.22,2026-09-02 15:52:04
31,466,617,1557.80,2026-09-02 15:52:35
32,463,617,1906.32,2026-09-02 15:53:05
33,335,617,1077.68,2026-09-02 15:53:31
34,395,617,1145.91,2026-09-02 15:54:04
35,348,617,1223.25,2026-09-02 15:54:31
36,326,617,1076.47,2026-09-02 15:55:05
37,410,617,1560.08,2026-09-02 15:55:44
38,540,617,2237.75,2026-09-02 15:56:14
39,541,617,1441.94,2026-09-02 15:56:42
40,595,617,1418.02,2026-09-02 15:57:16
41,241,617,1028.58,2026-09-02 15:57:47
42,262,617,796.86,2026-09-02 15:58:14
43,259,617,1119.42,2026-09-02 15:58:43
44,294,617,1119.42,2026-09-02 15:59:21
45,299,617,1119.42,2026-09-02 15:59:51
46,341,617,1480.45,2026-09-02 16:00:20
47,297,617,1869.88,2026-09-02 16:00:51
48,372,617,1073.09,2026-09-02 16:01:24
49,405,617,1107.45,2026-09-02 16:01:51
50,434,617,1190.20,2026-09-02 16:02:22
51,562,617,1980.65,2026-09-02 16:02:56
52,233,617,779.90,2026-09-02 16:03:26
53,414,617,1034.77,2026-09-02 16:03:54
54,359,617,1221.85,2026-09-02 16:04:25
55,332,617,1067.93,2026-09-02 16:04:56
56,448,617,1202.88,2026-09-02 16:05:25
57,346,617,1345.46,2026-09-02 16:05:50
58,343,617,1095.59,2026-09-02 16:06:16
59,562,617,1356.84,2026-09-02 16:06:44
60,296,617,937.77,2026-09-02 16:07:09
61,479,617,1739.81,2026-09-02 16:07:42
62,494,617,1717.18,2026-09-02 16:08:09
63,553,617,1793.20,2026-09-02 16:08:42
64,1560,1560,7261.82,2026-09-02 16:09:15
65,1056,1560,5711.26,2026-09-02 16:09:45
66,772,1560,3778.73,2026-09-02 16:10:19
67,584,1560,2443.12,2026-09-02 16:10:49
68,845,1560,4869.23,2026-09-02 16:11:28
69,338,1560,1989.49,2026-09-02 16:12:02
70,306,1560,1945.83,2026-09-02 16:12:36
71,1080,1560,2953.29,2026-09-02 16:13:09
72,825,1560,3061.78,2026-09-02 16:13:44
73,1278,1560,4783.14,2026-09-02 16:14:15
74,738,1560,4171.60,2026-09-02 16:14:52
75,956,1560,4846.86,2026-09-02 16:15:27
76,815,1560,3222.48,2026-09-02 16:16:05
77,798,1560,3078.37,2026-09-02 16:16:40
78,607,1560,3286.50,2026-09-02 16:17:16
79,975,1560,3996.64,2026-09-02 16:18:21
80,890,1560,3585.28,2026-09-02 16:18:54
81,914,1560,3925.14,2026-09-02 16:19:38
82,874,1560,3888.49,2026-09-02 16:20:22
83,1079,1560,5432.52,2026-09-02 16:21:06
84,1720,1720,7183.58,2026-09-02 16:21:48
85,872,1720,4451.83,2026-09-02 16:22:25
86,1748,1748,5553.60,2026-09-02 16:23:14
87,2560,2560,9193.56,2026-09-02 16:23:50
88,1348,2560,9342.20,2026-09-02 16:24:30
89,2383,2560,8894.46,2026-09-02 16:25:16
90,745,2560,4417.32,2026-09-02 16:26:07
91,1400,2560,7097.74,2026-09-02 16:26:54
92,1901,2560,7680.24,2026-09-02 16:27:54
93,3507,3507,13587.55,2026-09-02 16:28:38
94,2460,3507,8089.65,2026-09-02 16:29:23
95,1581,3507,13479.58,2026-09-02 16:30:04
96,1286,3507,8652.32,2026-09-02 16:30:55
97,1332,3507,6000.54,2026-09-02 16:31:46
98,1147,3507,3580.15,2026-09-02 16:32:29
99,847,3507,4478.28,2026-09-02 16:33:08
100,1207,3507,6393.88,2026-09-02 16:33:45
101,2271,3507,8803.68,2026-09-02 16:34:23
102,2881,3507,18426.81,2026-09-02 16:35:05
103,1206,3507,7372.26,2026-09-02 16:35:48
104,1538,3507,10117.88,2026-09-02 16:36:53
105,1841,3507,8488.98,2026-09-02 16:37:44
106,1494,3507,7610.71,2026-09-02 16:38:30
107,2069,3507,8749.09,2026-09-02 16:39:28
108,2062,3507,8332.14,2026-09-02 16:40:10
109,2170,3507,13733.72,2026-09-02 16:41:12
110,2878,3507,14921.59,2026-09-02 16:42:11
111,1803,3507,8418.92,2026-09-02 16:43:01
112,2674,3507,8247.54,2026-09-02 16:43:50
113,1490,3507,9232.45,2026-09-02 16:44:38
114,2755,3507,11561.56,2026-09-02 16:45:38
115,1034,3507,7491.24,2026-09-02 16:46:31
116,1562,3507,11634.29,2026-09-02 16:47:29
117,1596,3507,8566.50,2026-09-02 16:48:23
118,3862,3862,13123.60,2026-09-02 16:49:16
119,3789,4296,20181.15,2026-09-02 16:50:19
120,3520,4296,13470.23,2026-09-02 16:51:24
121,2884,4296,11966.17,2026-09-02 16:54:01
122,3507,4296,17466.48,2026-09-02 16:55:49
123,3103,4296,12019.12,2026-09-02 16:56:40
124,1583,4296,10635.05,2026-09-02 16:57:40
125,2453,4296,13417.44,2026-09-02 16:58:49
126,2691,4296,12610.85,2026-09-02 16:59:43
127,3348,4296,10878.35,2026-09-02 17:00:26
128,2421,4296,12964.27,2026-09-02 17:01:17
129,2017,4296,15535.34,2026-09-02 17:02:21
130,2973,4296,17826.56,2026-09-02 17:03:49
131,2680,4296,14077.76,2026-09-02 17:04:52
132,1987,4296,11749.10,2026-09-02 17:06:00
133,2088,4296,12211.37,2026-09-02 17:07:03
134,3234,4296,12961.71,2026-09-02 17:07:55
135,1868,4296,11377.88,2026-09-02 17:09:02
136,3399,4296,14439.02,2026-09-02 17:10:44
137,3488,4296,11422.42,2026-09-02 17:11:42
138,2661,4296,13737.10,2026-09-02 21:17:33
139,3288,4296,16461.82,2026-09-02 21:21:29
140,1685,4296,11044.21,2026-09-02 21:25:02
141,2658,4296,14193.28,2026-09-02 21:27:51
142,1830,4296,7884.63,2026-09-02 21:30:09
143,2337,4296,13294.20,2026-09-02 21:32:51
144,2332,4296,11678.82,2026-09-02 21:35:28
145,1936,4296,12149.38,2026-09-02 21:38:36
146,1969,4296,10614.50,2026-09-02 22:06:11
147,1295,4296,9093.22,2026-09-02 22:06:50
148,2083,4296,7045.18,2026-09-02 22:07:44
149,1991,4296,8850.11,2026-09-02 22:08:37
150,2338,4296,10285.89,2026-09-02 22:09:27
151,2388,4296,9883.48,2026-09-02 22:10:15
152,2192,4296,15358.73,2026-09-02 22:11:07
153,2565,4296,14459.50,2026-09-02 22:11:59
154,1910,4296,11975.46,2026-09-02 22:12:54
155,1673,4296,12760.49,2026-09-02 22:13:49
156,3139,4296,13216.10,2026-09-02 22:14:52
157,1914,4296,12041.65,2026-09-02 22:15:42
158,1093,4296,6386.11,2026-09-02 22:16:29
159,1698,4296,9772.74,2026-09-02 22:17:17
160,2828,4296,12621.36,2026-09-02 22:18:16
161,1703,4296,7182.66,2026-09-02 22:18:53
162,2260,4296,10310.93,2026-09-02 22:19:39
163,2196,4296,13231.02,2026-09-02 22:20:34
164,1600,4296,11005.15,2026-09-02 22:21:26
165,3902,4296,13501.05,2026-09-02 22:22:24
166,1657,4296,9454.53,2026-09-02 22:23:12
167,1442,4296,7471.98,2026-09-02 22:24:00
168,3352,4296,16532.85,2026-09-02 22:25:01
169,3147,4296,13759.08,2026-09-02 22:26:05
170,3360,4296,14400.27,2026-09-02 22:27:02
171,2665,4296,11736.67,2026-09-02 22:28:07
172,2957,4296,15932.08,2026-09-02 22:29:14
173,1741,4296,11594.07,2026-09-02 22:30:20
174,2311,4296,10559.20,2026-09-02 22:31:11
175,1734,4296,10352.14,2026-09-02 22:32:09
176,2253,4296,11686.40,2026-09-02 22:32:54
177,2737,4296,13571.61,2026-09-02 22:33:47
178,1278,4296,6343.11,2026-09-02 22:34:42
179,2015,4296,8117.55,2026-09-02 22:35:34
180,1528,4296,8835.62,2026-09-02 22:36:25
181,3970,4296,17305.29,2026-09-02 22:37:22
182,4144,4627,17330.97,2026-09-02 22:38:29
183,3916,5291,21002.53,2026-09-02 22:39:23
184,3238,5291,13865.04,2026-09-02 22:40:18
185,1640,5291,9096.89,2026-09-02 22:41:03
186,1758,5291,9971.91,2026-09-02 22:41:55
187,3185,5291,11229.11,2026-09-02 22:42:40
188,1280,5291,7935.20,2026-09-02 22:43:46
189,1259,5291,9898.77,2026-09-02 22:44:39
190,1513,5291,9387.96,2026-09-02 22:45:33
191,2387,5291,16771.16,2026-09-02 22:46:34
192,1723,5291,10562.85,2026-09-02 22:47:36
193,1249,5291,8816.32,2026-09-02 22:48:38
194,1515,5291,10658.60,2026-09-02 22:49:44
195,2913,5291,10094.34,2026-09-02 22:50:43
196,1516,5291,11619.47,2026-09-02 22:51:36
197,3250,5291,11218.40,2026-09-02 22:52:32
198,4122,5291,15644.90,2026-09-02 22:53:29
199,1145,5291,8062.30,2026-09-02 22:54:20
200,2326,5291,7412.08,2026-09-02 22:55:14
201,2948,5291,14820.99,2026-09-02 22:56:10
202,2514,5291,8768.81,2026-09-02 22:57:16
203,2495,5291,8984.25,2026-09-02 22:58:14
204,1651,5291,6981.95,2026-09-02 22:59:02
205,3394,5291,16022.28,2026-09-02 23:00:17
206,1794,5291,16022.28,2026-09-02 23:00:59
207,2660,5291,16022.28,2026-09-02 23:01:43
208,1972,5291,16022.28,2026-09-02 23:02:34
209,1768,5291,16022.28,2026-09-02 23:03:26
210,1846,5291,16022.28,2026-09-02 23:04:12
211,3331,5291,16022.28,2026-09-02 23:05:12
212,1983,5291,16022.28,2026-09-02 23:06:02
213,2163,5291,16022.28,2026-09-02 23:06:53
214,2611,5291,16022.28,2026-09-02 23:08:03
215,3803,5291,16022.28,2026-09-02 23:09:03
216,1924,5291,16022.28,2026-09-02 23:09:49
217,2590,5291,16022.28,2026-09-02 23:10:43
218,2207,5291,16022.28,2026-09-02 23:11:51
219,1812,5291,16022.28,2026-09-02 23:12:45
220,2111,5291,16022.28,2026-09-02 23:13:39
221,2061,5291,16022.28,2026-09-02 23:14:31
222,2525,5291,16022.28,2026-09-02 23:15:27
223,1360,5291,16022.28,2026-09-02 23:16:24
224,3495,5291,16022.28,2026-09-02 23:17:14
225,1836,5291,16022.28,2026-09-02 23:18:12
226,2847,5291,16022.28,2026-09-02 23:19:06
227,2228,5291,16022.28,2026-09-02 23:19:50
228,1824,5291,16022.28,2026-09-02 23:20:40
229,3454,5291,16022.28,2026-09-02 23:21:24
230,4104,5291,16022.28,2026-09-02 23:22:13
231,2444,5291,16022.28,2026-09-02 23:23:12
232,2575,5291,16022.28,2026-09-02 23:24:11
233,3949,5291,16976.76,2026-09-02 23:25:28
234,1597,5291,9621.98,2026-09-02 23:26:32
235,2016,5291,7502.32,2026-09-02 23:27:14
236,2295,5291,12718.71,2026-09-02 23:28:21
237,1585,5291,11856.62,2026-09-02 23:29:11
238,805,5291,6779.69,2026-09-02 23:29:59
239,2041,5291,16864.91,2026-09-02 23:30:54
240,1461,5291,8177.93,2026-09-02 23:31:45
241,2635,5291,11038.36,2026-09-02 23:32:38
242,1153,5291,7648.74,2026-09-02 23:33:23
243,2094,5291,10289.57,2026-09-02 23:34:26
244,1492,5291,10732.64,2026-09-02 23:35:31
245,1998,5291,10411.83,2026-09-02 23:36:29
246,1517,5291,8328.49,2026-09-02 23:37:19
247,3956,5291,12381.48,2026-09-02 23:38:16
248,2376,5291,12366.20,2026-09-02 23:39:12
249,1090,5291,8848.33,2026-09-02 23:39:59
250,2433,5291,13333.19,2026-09-02 23:40:58
251,2779,5291,10374.78,2026-09-02 23:41:50
252,2201,5291,14597.99,2026-09-02 23:42:46
253,2340,5291,13884.02,2026-09-02 23:43:47
254,2759,5291,18508.24,2026-09-02 23:44:37
255,3191,5291,16346.38,2026-09-02 23:45:38
256,2390,5291,15192.13,2026-09-02 23:46:37
257,2275,5291,15826.29,2026-09-02 23:47:24
258,2223,5291,11822.59,2026-09-02 23:48:18
259,1704,5291,9810.21,2026-09-02 23:49:09
260,2927,5291,14345.72,2026-09-02 23:50:02
261,1523,5291,8487.83,2026-09-02 23:50:55
262,2245,5291,16982.68,2026-09-02 23:51:52
263,1884,5291,6379.21,2026-09-02 23:52:37
264,1914,5291,13768.65,2026-09-02 23:53:31
265,1540,5291,7224.01,2026-09-02 23:54:15
266,2198,5291,9987.27,2026-09-02 23:55:01
267,1971,5291,11617.34,2026-09-02 23:55:51
268,2257,5291,9990.06,2026-09-02 23:56:48
269,1515,5291,8813.49,2026-09-02 23:57:40
270,2260,5291,9898.48,2026-09-02 23:58:26
271,1183,5291,8264.84,2026-09-02 23:59:15
272,1499,5291,10240.34,2026-09-03 00:00:13
273,2853,5291,12483.74,2026-09-03 00:01:11
274,1944,5291,13041.00,2026-09-03 00:02:06
275,1785,5291,7517.03,2026-09-03 00:02:52
276,2990,5291,11689.99,2026-09-03 00:03:41
277,2240,5291,12280.55,2026-09-03 00:04:42
278,4392,5291,14385.13,2026-09-03 00:05:36
279,2687,5291,13810.67,2026-09-03 00:06:27
280,1176,5291,7202.71,2026-09-03 00:07:24
281,2157,5291,13186.41,2026-09-03 00:08:12
282,1724,5291,8993.18,2026-09-03 00:08:56
283,1110,5291,10267.55,2026-09-03 00:09:43
284,1699,5291,8303.14,2026-09-03 00:10:31
285,1515,5291,6628.78,2026-09-03 00:11:19
286,3556,5291,11462.21,2026-09-03 00:12:09
287,2306,5291,10630.21,2026-09-03 00:12:54
288,3158,5291,11474.38,2026-09-03 00:13:47
289,1875,5291,6684.68,2026-09-03 00:14:31
290,1906,5291,10797.14,2026-09-03 00:15:25
291,1126,5291,6706.77,2026-09-03 00:16:16
292,1443,5291,9512.23,2026-09-03 00:17:13
293,2845,5291,15882.50,2026-09-03 00:18:15
294,1786,5291,12886.34,2026-09-03 00:19:21
295,1893,5291,12533.25,2026-09-03 00:20:14
296,4470,5291,17092.80,2026-09-03 00:21:20
297,1109,5291,8592.83,2026-09-03 00:22:01
298,1431,5291,10902.28,2026-09-03 00:23:01
299,1720,5291,8636.03,2026-09-03 00:23:50
300,1883,5291,12371.00,2026-09-03 00:24:46
301,2071,5291,12987.77,2026-09-03 00:25:47
302,2181,5291,11445.11,2026-09-03 00:26:37
303,2497,5291,7860.56,2026-09-03 00:27:27
304,3401,5291,12282.29,2026-09-03 00:28:18
305,1730,5291,5545.49,2026-09-03 00:29:03
306,2084,5291,15696.00,2026-09-03 00:29:58
307,3581,5291,20476.71,2026-09-03 00:31:14
308,2412,5291,10295.21,2026-09-03 00:32:08
309,2168,5291,11860.47,2026-09-03 00:33:08
310,3509,5291,10882.56,2026-09-03 00:33:57
311,1845,5291,8426.74,2026-09-03 00:34:49
312,2698,5291,12488.64,2026-09-03 00:35:42
313,2922,5291,12687.82,2026-09-03 00:36:41
314,2165,5291,8373.90,2026-09-03 00:37:18
315,1475,5291,8911.94,2026-09-03 00:38:12
316,2341,5291,10226.89,2026-09-03 00:39:04
317,5005,5291,16765.86,2026-09-03 00:39:57
318,2047,5291,9740.04,2026-09-03 00:40:54
319,1558,5291,9740.04,2026-09-03 00:41:38
320,2665,5291,17521.54,2026-09-03 00:42:35
321,1306,5291,7323.76,2026-09-03 00:43:20
322,2084,5291,7802.53,2026-09-03 00:44:07
323,1807,5291,9379.88,2026-09-03 00:44:56
324,2035,5291,8749.94,2026-09-03 00:45:53
325,2201,5291,8985.17,2026-09-03 00:46:43
326,947,5291,6456.95,2026-09-03 00:47:32
327,3287,5291,19962.18,2026-09-03 00:48:24
328,1888,5291,7580.94,2026-09-03 00:49:11
329,2333,5291,12071.27,2026-09-03 00:50:00
330,1716,5291,9356.56,2026-09-03 00:50:45
331,1659,5291,8735.59,2026-09-03 00:51:36
332,1790,5291,9624.41,2026-09-03 00:52:27
333,1531,5291,6754.92,2026-09-03 00:53:12
334,2486,5291,11085.83,2026-09-03 00:54:01
335,1214,5291,7862.24,2026-09-03 00:54:48
336,2567,5291,16905.70,2026-09-03 00:55:51
337,1458,5291,8391.49,2026-09-03 00:57:00
338,1523,5291,8391.49,2026-09-03 00:57:49
339,2059,5291,8391.49,2026-09-03 00:58:38
340,2026,5291,8391.49,2026-09-03 00:59:26
341,2110,5291,11928.77,2026-09-03 01:00:23
342,2509,5291,13003.06,2026-09-03 01:01:24
343,887,5291,5247.50,2026-09-03 01:02:05
344,2455,5291,11083.35,2026-09-03 01:02:50
345,2144,5291,10321.32,2026-09-03 01:03:34
346,1818,5291,8451.56,2026-09-03 01:04:21
347,4152,5291,18877.15,2026-09-03 01:05:13
348,2590,5291,10112.15,2026-09-03 01:06:13
349,1964,5291,10901.18,2026-09-03 01:07:11
350,4599,5291,16365.40,2026-09-03 01:08:07
351,2372,5291,12967.28,2026-09-03 01:08:57
352,2121,5291,12396.09,2026-09-03 01:09:53
353,1906,5291,8843.16,2026-09-03 01:10:44
354,1750,5291,9725.27,2026-09-03 01:11:44
355,1944,5291,14810.23,2026-09-03 01:12:45
356,2455,5291,16692.76,2026-09-03 01:13:50
357,1218,5291,6607.48,2026-09-03 01:14:42
358,2419,5291,10546.70,2026-09-03 01:15:34
359,2746,5291,11697.67,2026-09-03 01:16:51
360,2124,5291,10669.87,2026-09-03 01:17:39
361,1926,5291,7888.27,2026-09-03 01:18:26
362,1536,5291,13410.24,2026-09-03 01:19:27
363,3090,5291,16226.21,2026-09-03 01:20:22
364,2291,5291,16226.21,2026-09-03 01:21:16
365,3382,5291,16226.21,2026-09-03 01:22:12
366,2021,5291,16226.21,2026-09-03 01:23:07
367,2234,5291,16226.21,2026-09-03 01:23:58
368,4606,5291,19641.64,2026-09-03 01:24:53
369,2804,5291,14519.05,2026-09-03 01:25:54
370,1795,5291,13614.77,2026-09-03 01:27:00
371,1580,5291,12398.05,2026-09-03 01:28:01
372,2382,5291,11795.76,2026-09-03 01:28:58
373,1631,5291,10098.78,2026-09-03 01:29:48
374,2403,5291,9823.68,2026-09-03 01:30:35
375,2597,5291,14924.72,2026-09-03 01:31:51
376,1848,5291,9867.11,2026-09-03 01:32:51
377,3401,5291,15343.66,2026-09-03 01:33:58
378,2373,5291,10650.20,2026-09-03 01:35:08
379,1821,5291,12101.26,2026-09-03 01:36:05
380,2411,5291,7615.56,2026-09-03 01:36:54
381,2380,5291,12464.66,2026-09-03 01:37:43
382,2349,5291,13268.25,2026-09-03 01:38:35
383,1783,5291,11051.31,2026-09-03 01:39:31
384,1790,5291,9525.48,2026-09-03 01:40:20
385,3583,5291,17540.79,2026-09-03 01:41:28
386,1423,5291,8156.23,2026-09-03 01:42:29
387,2388,5291,10982.65,2026-09-03 01:43:26
388,2166,5291,10201.59,2026-09-03 01:44:25
389,3180,5291,12053.51,2026-09-03 01:45:18
390,4104,5291,18701.28,2026-09-03 01:46:16
391,4259,5291,19741.50,2026-09-03 01:47:15
392,2206,5291,12740.14,2026-09-03 01:48:05
393,2003,5291,11995.63,2026-09-03 01:49:08
394,2869,5291,12845.01,2026-09-03 01:50:08
395,2701,5291,12800.91,2026-09-03 01:51:24
396,1257,5291,7805.53,2026-09-03 01:52:14
397,2661,5291,17576.80,2026-09-03 01:53:21
398,1201,5291,6682.11,2026-09-03 01:54:05
399,1242,5291,8102.61,2026-09-03 01:54:55
400,2000,5291,15008.04,2026-09-03 01:55:53
401,4767,5291,15344.23,2026-09-03 01:56:52
402,1048,5291,6688.30,2026-09-03 01:57:40
403,2708,5291,12200.20,2026-09-03 01:58:38
404,3071,5291,11681.69,2026-09-03 01:59:30
405,2702,5291,16618.69,2026-09-03 02:00:25
406,2029,5291,10843.40,2026-09-03 02:01:35
407,1907,5291,9556.85,2026-09-03 02:02:27
408,1521,5291,6925.50,2026-09-03 02:03:29
409,1378,5291,7507.63,2026-09-03 02:04:15
410,2332,5291,7594.31,2026-09-03 02:04:57
411,2334,5291,12390.58,2026-09-03 02:05:43
412,1871,5291,9969.92,2026-09-03 02:06:41
413,3086,5291,10543.41,2026-09-03 02:07:42
414,1974,5291,9909.30,2026-09-03 02:08:37
415,2303,5291,10721.75,2026-09-03 02:09:23
416,1415,5291,9825.96,2026-09-03 02:10:08
417,1255,5291,6155.30,2026-09-03 02:10:49
418,1788,5291,10923.85,2026-09-03 02:11:40
419,2662,5291,8958.38,2026-09-03 02:12:36
420,2323,5291,11183.55,2026-09-03 02:13:16
421,1816,5291,15089.18,2026-09-03 02:13:57
422,3587,5291,20013.47,2026-09-03 02:14:46
423,1552,5291,9013.52,2026-09-03 02:15:42
424,3086,5291,16040.27,2026-09-03 02:16:33
425,2895,5291,16975.37,2026-09-03 02:17:35
426,2008,5291,9634.69,2026-09-03 02:18:26
427,2206,5291,12325.67,2026-09-03 02:19:13
428,3261,5291,10799.32,2026-09-03 02:20:08
429,2577,5291,11176.82,2026-09-03 02:21:05
430,2083,5291,10053.40,2026-09-03 02:21:55
431,1010,5291,8063.48,2026-09-03 02:22:50
432,1692,5291,9335.69,2026-09-03 02:23:40
433,1447,5291,7675.14,2026-09-03 02:24:34
434,2730,5291,13767.19,2026-09-03 02:25:38
435,1798,5291,11597.26,2026-09-03 02:26:33
436,3124,5291,14403.39,2026-09-03 02:27:34
437,2454,5291,14733.63,2026-09-03 02:28:36
438,2660,5291,15023.30,2026-09-03 02:29:38
439,2412,5291,10016.61,2026-09-03 02:30:38
440,1814,5291,15332.00,2026-09-03 02:31:36
441,4054,5291,20209.03,2026-09-03 02:32:26
442,2511,5291,10460.12,2026-09-03 02:33:17
443,2785,5291,11314.49,2026-09-03 02:34:07
444,2213,5291,8051.36,2026-09-03 02:35:15
445,2108,5291,12534.67,2026-09-03 02:36:08
446,2192,5291,14674.27,2026-09-03 02:37:10
447,4196,5291,22390.31,2026-09-03 02:38:13
448,4168,5291,19739.97,2026-09-03 02:39:09
449,3563,5291,15548.55,2026-09-03 02:40:08
450,4957,5291,26641.80,2026-09-03 02:41:08
451,2970,5291,13468.01,2026-09-03 02:42:07
452,1767,5291,11705.18,2026-09-03 02:42:55
453,2482,5291,12180.14,2026-09-03 02:43:52
454,2805,5291,16412.59,2026-09-03 02:45:00
455,2162,5291,11973.78,2026-09-03 02:45:58
456,3629,5291,16808.36,2026-09-03 02:47:02
457,4038,5291,18037.02,2026-09-03 02:48:01
458,2783,5291,17362.38,2026-09-03 02:49:01
459,3589,5291,20956.11,2026-09-03 02:50:13
460,3539,5291,15351.40,2026-09-03 02:51:23
461,1978,5291,9578.39,2026-09-03 02:52:15
462,2477,5291,8205.93,2026-09-03 02:53:03
463,2390,5291,12413.95,2026-09-03 02:53:54
464,1415,5291,6937.28,2026-09-03 02:54:41
465,2486,5291,11309.17,2026-09-03 02:55:51
466,3018,5291,12485.67,2026-09-03 02:56:46
467,2017,5291,8564.12,2026-09-03 02:57:32
468,1973,5291,9989.51,2026-09-03 02:58:27
469,1306,5291,10406.52,2026-09-03 02:59:17
470,2274,5291,14173.53,2026-09-03 03:00:09
471,2505,5291,10172.21,2026-09-03 03:00:50
472,1222,5291,8098.03,2026-09-03 03:01:32
473,2506,5291,9999.28,2026-09-03 03:02:24
474,2565,5291,11346.84,2026-09-03 03:03:32
475,1514,5291,7766.95,2026-09-03 03:04:20
476,1834,5291,7788.63,2026-09-03 03:05:20
477,4102,5291,13145.11,2026-09-03 03:06:33
478,3645,5291,19309.09,2026-09-03 03:07:36
479,2484,5291,11554.64,2026-09-03 03:08:32
480,2596,5291,15536.72,2026-09-03 03:09:36
481,3437,5291,12697.94,2026-09-03 03:10:38
482,2591,5291,12015.36,2026-09-03 03:11:36
483,848,5291,5217.13,2026-09-03 03:12:25
484,1855,5291,10065.03,2026-09-03 03:13:18
485,1914,5291,10140.30,2026-09-03 03:14:12
486,2670,5291,10634.67,2026-09-03 03:14:55
487,1992,5291,16952.95,2026-09-03 03:15:54
488,2256,5291,10706.81,2026-09-03 03:16:51
489,2556,5291,15330.30,2026-09-03 03:17:43
490,2035,5291,9079.89,2026-09-03 03:18:39
491,1593,5291,8753.57,2026-09-03 03:19:32
492,1688,5291,10345.12,2026-09-03 03:20:36
493,4297,5291,20441.83,2026-09-03 03:21:38
494,1562,5291,6186.57,2026-09-03 03:22:33
495,2187,5291,10636.95,2026-09-03 03:23:27
496,2375,5291,10685.42,2026-09-03 03:24:15
497,1821,5291,8979.81,2026-09-03 03:25:09
498,2436,5291,9950.54,2026-09-03 03:26:00
499,3510,5291,17538.06,2026-09-03 03:27:04
500,1746,5291,8833.05,2026-09-03 03:27:51
501,1228,5291,6484.20,2026-09-03 03:28:41
502,2739,5291,11936.80,2026-09-03 03:29:40
503,2977,5291,18985.98,2026-09-03 03:30:42
504,2151,5291,11626.41,2026-09-03 03:31:47
505,1299,5291,7741.30,2026-09-03 03:32:38
506,1885,5291,14067.37,2026-09-03 03:33:46
507,1718,5291,12029.36,2026-09-03 03:34:47
508,2675,5291,13748.16,2026-09-03 03:35:47
509,3428,5291,14696.58,2026-09-03 03:36:37
510,2125,5291,13761.15,2026-09-03 03:37:34
511,1685,5291,11831.46,2026-09-03 03:38:37
512,2651,5291,11793.76,2026-09-03 03:39:35
513,2746,5291,11103.16,2026-09-03 03:40:23
514,2370,5291,6933.60,2026-09-03 03:41:10
515,944,5291,6765.58,2026-09-03 03:42:01
516,3373,5291,13251.22,2026-09-03 03:43:12
517,1889,5291,7061.02,2026-09-03 03:44:00
518,1270,5291,6890.25,2026-09-03 03:44:45
519,2438,5291,17931.65,2026-09-03 03:45:43
520,1502,5291,6166.65,2026-09-03 03:46:46
521,2391,5291,10585.58,2026-09-03 03:47:40
522,2819,5291,10010.34,2026-09-03 03:48:34
523,2389,5291,15131.97,2026-09-03 03:49:26
524,2348,5291,10884.60,2026-09-03 03:50:20
525,1951,5291,16050.81,2026-09-03 03:51:28
526,4978,5291,15956.70,2026-09-03 03:52:32
527,1498,5291,10464.90,2026-09-03 03:53:46
528,3808,5291,16109.32,2026-09-03 03:55:07
529,2562,5291,10524.32,2026-09-03 03:55:59
530,2078,5291,6988.16,2026-09-03 03:56:44
531,2532,5291,14946.20,2026-09-03 03:57:55
532,2237,5291,11897.09,2026-09-03 03:58:46
533,940,5291,6935.88,2026-09-03 03:59:33
534,2130,5291,8024.06,2026-09-03 04:00:28
535,3235,5291,10266.15,2026-09-03 04:01:14
536,3492,5291,14377.16,2026-09-03 04:02:18
537,1742,5291,10372.16,2026-09-03 04:03:10
538,2955,5291,11216.94,2026-09-03 04:04:06
539,1681,5291,10656.72,2026-09-03 04:04:59
540,1497,5291,8379.99,2026-09-03 04:05:46
541,2234,5291,10229.75,2026-09-03 04:06:48
542,5142,5291,16054.66,2026-09-03 04:07:46
543,1759,5291,5797.06,2026-09-03 04:08:32
544,3419,5291,11280.60,2026-09-03 04:09:30
545,2370,5291,10894.46,2026-09-03 04:10:26
546,2362,5291,11740.71,2026-09-03 04:11:16
547,3514,5291,12230.07,2026-09-03 04:11:59
548,1536,5291,6891.04,2026-09-03 04:12:49
549,2940,5291,11388.95,2026-09-03 04:13:44
550,3381,5291,22347.45,2026-09-03 04:14:35
551,2582,5291,13875.37,2026-09-03 04:15:45
552,2490,5291,11126.00,2026-09-03 04:16:54
553,2798,5291,15798.21,2026-09-03 04:17:57
554,2354,5291,12301.12,2026-09-03 04:18:55
555,1895,5291,10401.95,2026-09-03 04:19:58
556,2088,5291,11977.19,2026-09-03 04:21:06
557,1156,5291,7314.19,2026-09-03 04:22:01
558,1755,5291,10318.42,2026-09-03 04:23:06
559,1541,5291,8647.55,2026-09-03 04:24:00
560,2252,5291,8255.30,2026-09-03 04:24:49
561,2228,5291,8333.38,2026-09-03 04:25:45
562,3906,5291,20973.98,2026-09-03 04:26:34
563,2224,5291,17097.13,2026-09-03 04:27:28
564,2706,5291,11038.26,2026-09-03 04:28:29
565,1598,5291,8590.17,2026-09-03 04:29:13
566,1470,5291,7840.29,2026-09-03 04:30:04
567,2713,5291,11197.76,2026-09-03 04:30:55
568,1476,5291,8370.91,2026-09-03 04:31:55
569,4287,5291,19768.08,2026-09-03 04:32:53
570,2910,5291,11668.28,2026-09-03 04:33:42
571,1630,5291,9096.07,2026-09-03 04:34:32
572,3048,5291,14756.00,2026-09-03 04:35:33
573,1492,5291,12921.48,2026-09-03 04:36:24
574,2839,5291,10280.85,2026-09-03 04:37:31
575,2738,5291,13111.83,2026-09-03 04:38:31
576,4147,5291,17359.20,2026-09-03 04:39:26
577,2488,5291,11185.63,2026-09-03 04:40:24
578,2053,5291,8164.90,2026-09-03 04:41:12
579,2738,5291,17820.40,2026-09-03 04:42:19
580,834,5291,5033.62,2026-09-03 04:43:11
581,2488,5291,12521.47,2026-09-03 04:44:10
582,2751,5291,17038.23,2026-09-03 04:45:07
583,3982,5291,20463.23,2026-09-03 04:46:25
584,2264,5291,12083.01,2026-09-03 04:47:24
585,3474,5291,18427.03,2026-09-03 04:48:26
586,4662,5291,14077.64,2026-09-03 04:49:21
587,1370,5291,7922.51,2026-09-03 04:50:25
588,3066,5291,12107.74,2026-09-03 04:51:17
589,3669,5291,16214.86,2026-09-03 04:52:21
590,1867,5291,13643.23,2026-09-03 04:53:25
591,4117,5291,19750.24,2026-09-03 04:54:39
592,2029,5291,11951.98,2026-09-03 04:55:46
593,1581,5291,9923.57,2026-09-03 04:56:46
594,1415,5291,11225.31,2026-09-03 04:57:48
595,2927,5291,12050.49,2026-09-03 04:58:37
596,2313,5291,13578.80,2026-09-03 04:59:38
597,3518,5291,12371.27,2026-09-03 05:00:45
598,2810,5291,15396.30,2026-09-03 05:01:36
599,1926,5291,11962.34,2026-09-03 05:02:25
600,1925,5291,12061.17,2026-09-03 05:03:36
601,1425,5291,10635.24,2026-09-03 05:04:30
602,2663,5291,9750.26,2026-09-03 05:05:22
603,2150,5291,8239.21,2026-09-03 05:06:13
604,2131,5291,12987.13,2026-09-03 05:07:07
605,1496,5291,8402.94,2026-09-03 05:08:05
606,1496,5291,11026.17,2026-09-03 05:08:55
607,2460,5291,16113.33,2026-09-03 05:10:11
608,2975,5291,14114.78,2026-09-03 05:11:18
609,1991,5291,16003.89,2026-09-03 05:12:32
610,2665,5291,18053.11,2026-09-03 05:13:36
611,2911,5291,15344.05,2026-09-03 05:14:31
612,2546,5291,10738.35,2026-09-03 05:15:27
613,3778,5291,19355.49,2026-09-03 05:16:29
614,2076,5291,9313.27,2026-09-03 05:17:18
615,3170,5291,12383.79,2026-09-03 05:18:23
616,1722,5291,7147.34,2026-09-03 05:19:15
617,1318,5291,7597.88,2026-09-03 05:20:03
618,2201,5291,11743.94,2026-09-03 05:20:59
619,1014,5291,9905.89,2026-09-03 05:21:57
620,2313,5291,11012.91,2026-09-03 05:22:58
621,2636,5291,18612.45,2026-09-03 05:24:13
622,2252,5291,11094.68,2026-09-03 05:25:02
623,2434,5291,19238.49,2026-09-03 05:25:59
624,1696,5291,7904.31,2026-09-03 05:26:56
625,2138,5291,11783.96,2026-09-03 05:27:53
626,3820,5291,13624.28,2026-09-03 05:29:01
627,2531,5291,12115.39,2026-09-03 05:30:07
628,1195,5291,10681.78,2026-09-03 05:31:13
629,1779,5291,9002.15,2026-09-03 05:32:12
630,2057,5291,9002.15,2026-09-03 05:33:06
631,3501,5291,13385.88,2026-09-03 05:34:04
632,1763,5291,15294.63,2026-09-03 05:35:06
633,1826,5291,8682.77,2026-09-03 05:36:03
634,2594,5291,10184.38,2026-09-03 05:37:01
635,1930,5291,10538.90,2026-09-03 05:38:09
636,2296,5291,12980.18,2026-09-03 05:39:14
637,2639,5291,17718.13,2026-09-03 05:40:25
638,2237,5291,10356.65,2026-09-03 05:41:32
639,2516,5291,9368.16,2026-09-03 05:42:22
640,2356,5291,18815.68,2026-09-03 05:43:11
641,2382,5291,12341.16,2026-09-03 05:44:11
642,2218,5291,13364.57,2026-09-03 05:45:05
643,2108,5291,9776.82,2026-09-03 05:46:01
644,1518,5291,11123.38,2026-09-03 05:47:03
645,2467,5291,15485.63,2026-09-03 05:48:13
646,2637,5291,15485.63,2026-09-03 05:49:11
647,3553,5291,16568.38,2026-09-03 05:50:24
648,1924,5291,12158.74,2026-09-03 05:51:27
649,2499,5291,12118.68,2026-09-03 05:52:30
650,1884,5291,11874.23,2026-09-03 05:53:29
651,3845,5291,13931.26,2026-09-03 05:54:30
652,3614,5291,21189.16,2026-09-03 05:55:42
653,2542,5291,16210.88,2026-09-03 05:56:42
654,2440,5291,12253.67,2026-09-03 05:57:33
655,3628,5291,13816.12,2026-09-03 05:58:32
656,1623,5291,7738.39,2026-09-03 05:59:35
657,2374,5291,10206.88,2026-09-03 06:00:37
658,2873,5291,11220.02,2026-09-03 06:29:20
659,3053,5291,24201.65,2026-09-03 06:32:09
660,2328,5291,24201.65,2026-09-03 06:35:46
661,1125,5291,24201.65,2026-09-03 06:37:37
662,1182,5291,24201.65,2026-09-03 06:39:26
663,8018,8018,35481.27,2026-09-03 06:46:15
664,1506,8018,35481.27,2026-09-03 06:48:42
665,3674,8018,35481.27,2026-09-03 06:53:17
666,2780,8018,35481.27,2026-09-03 06:56:03
667,3541,8018,35481.27,2026-09-03 07:00:03
668,9979,9979,62208.59,2026-09-03 07:12:08
669,15433,15433,68823.45,2026-09-03 07:25:39
670,3623,15433,68823.45,2026-09-03 07:28:56
671,2274,15433,68823.45,2026-09-03 07:31:39
672,1729,15433,68823.45,2026-09-03 07:34:20
673,3316,15433,68823.45,2026-09-03 07:39:05
674,13212,15433,74887.36,2026-09-03 07:51:15
675,6343,15433,74887.36,2026-09-03 07:57:23
676,4302,15433,74887.36,2026-09-03 08:02:40
677,13138,15433,74887.36,2026-09-03 08:13:29
678,2980,15433,74887.36,2026-09-03 08:16:15
679,3208,15433,74887.36,2026-09-03 08:20:38
680,1504,15433,74887.36,2026-09-03 08:22:34
681,2951,15433,74887.36,2026-09-03 08:26:28
682,2402,15433,74887.36,2026-09-03 08:29:16
683,1961,15433,74887.36,2026-09-03 08:32:32
684,8542,15433,74887.36,2026-09-03 08:40:08
685,7136,15433,74887.36,2026-09-03 08:46:35
686,3720,15433,74887.36,2026-09-03 08:49:50
687,4803,15433,74887.36,2026-09-03 08:54:19
688,5885,15433,74887.36,2026-09-03 09:00:18
689,8327,15433,74887.36,2026-09-03 09:07:29
690,1291,15433,74887.36,2026-09-03 09:09:23
691,2306,15433,74887.36,2026-09-03 09:12:13
692,4042,15433,74887.36,2026-09-03 09:16:47
693,3587,15433,74887.36,2026-09-03 09:22:04
694,1049,15433,74887.36,2026-09-03 09:23:51
695,4819,15433,74887.36,2026-09-03 09:31:22
696,4451,15433,74887.36,2026-09-03 09:37:16
697,12829,15433,74887.36,2026-09-03 09:47:22
698,5544,15433,74887.36,2026-09-03 09:52:47
699,8087,15433,74887.36,2026-09-03 09:58:38
700,3819,15433,74887.36,2026-09-03 10:02:16
701,883,15433,74887.36,2026-09-03 10:03:42
702,8746,15433,74887.36,2026-09-03 10:14:40
703,2047,15433,74887.36,2026-09-03 10:17:13
704,3649,15433,74887.36,2026-09-03 10:21:46
705,1337,15433,74887.36,2026-09-03 10:23:53
706,2410,15433,74887.36,2026-09-03 10:27:05
707,10149,15433,74887.36,2026-09-03 10:35:02
708,634,15433,74887.36,2026-09-03 10:36:03
709,8389,15433,74887.36,2026-09-03 10:43:42
710,3019,15433,74887.36,2026-09-03 10:47:28
711,2500,15433,74887.36,2026-09-03 10:50:54
712,10244,15433,74887.36,2026-09-03 10:59:24
713,2742,15433,74887.36,2026-09-03 11:02:49
714,2786,15433,74887.36,2026-09-03 11:06:04
715,1791,15433,74887.36,2026-09-03 11:08:57
716,2890,15433,74887.36,2026-09-03 11:11:56
717,4297,15433,74887.36,2026-09-03 11:15:40
718,2790,15433,74887.36,2026-09-03 11:18:33
719,1856,15433,74887.36,2026-09-03 11:20:33
720,3660,15433,74887.36,2026-09-03 11:26:18
721,3052,15433,74887.36,2026-09-03 11:31:48
722,7634,15433,74887.36,2026-09-03 11:38:48
723,1559,15433,74887.36,2026-09-03 11:40:24
724,1483,15433,74887.36,2026-09-03 11:42:19
725,8331,15433,74887.36,2026-09-03 11:50:19
726,12084,15433,74887.36,2026-09-03 12:01:39
727,5041,15433,74887.36,2026-09-03 12:06:13
728,1043,15433,74887.36,2026-09-03 12:07:51
729,3223,15433,74887.36,2026-09-03 12:11:54
730,6693,15433,74887.36,2026-09-03 12:20:26
731,2435,15433,74887.36,2026-09-03 12:23:18
732,6761,15433,74887.36,2026-09-03 12:31:48
733,6718,15433,74887.36,2026-09-03 12:37:51
734,2120,15433,74887.36,2026-09-03 12:41:11
735,3681,15433,74887.36,2026-09-03 12:45:48
736,6480,15433,74887.36,2026-09-03 12:53:30
737,8672,15433,74887.36,2026-09-03 13:00:11
738,6610,15433,74887.36,2026-09-03 13:05:32
739,1352,15433,74887.36,2026-09-03 13:07:24
740,4257,15433,74887.36,2026-09-03 13:13:55
741,2157,15433,74887.36,2026-09-03 13:15:55
742,6146,15433,74887.36,2026-09-03 13:27:28
743,2123,15433,74887.36,2026-09-03 13:30:33
